item_key,merchant,web_categories,l1,l2,l3,gender,primary_fop,sub_sport,gmv,apparel_rn,gender_rn,fop_rn
abercrombie_and_fitch_womens_jeans_curve love high rise 90s relaxed jean,abercrombie_and_fitch,womens > jeans,Apparel,Bottoms,null,Women's,null,null,26128428,1,6,2
abercrombie_and_fitch_women's_clearance_bottoms_jeans_abercrombie & fitch_high rise 90s relaxed jean,abercrombie_and_fitch,women's > clearance > bottoms > jeans,Apparel,Bottoms,Baselayer Bottoms,Women's,null,null,9082620,1,49,19
abercrombie_and_fitch_women's_clearance_bottoms_sweatpants_&_leggings_abercrombie & fitch_essential sunday sweatpant,abercrombie_and_fitch,women's > clearance > bottoms > sweatpants_&_leggings,Apparel,Bottoms,Fleece Bottoms,Women's,training,null,10573256,1,34,17
abercrombie_and_fitch_women's_bottoms_jeans_relaxed_jeans_abercrombie & fitch_high rise 90s relaxed jean,abercrombie_and_fitch,women's > bottoms > jeans > relaxed_jeans,Apparel,Bottoms,Other Bottoms,Women's,null,null,42063436,1,2,1
abercrombie_and_fitch_women's_bottoms_jeans_relaxed_jeans_abercrombie & fitch_curve love high rise 90s relaxed jean,abercrombie_and_fitch,women's > bottoms > jeans > relaxed_jeans,Apparel,Bottoms,Pants,Women's,sportswear,null,44478131,1,1,1
abercrombie_and_fitch_women's_bottoms_shorts_denim_shorts_abercrombie & fitch_curve love high rise dad short,abercrombie_and_fitch,women's > bottoms > shorts > denim_shorts,Apparel,Bottoms,Shorts,Women's,cheer_dance,null,12106590,1,27,3
abercrombie_and_fitch_women's_bottoms_skirts_the_a&f_scarlett_mini_skort_abercrombie & fitch_the a&f scarlett mini skort,abercrombie_and_fitch,women's > bottoms > skirts > the_a&f_scarlett_mini_skort,Apparel,Bottoms,Skirts,Women's,cheer_dance,null,4309132,1,113,10
abercrombie_and_fitch_women's_clearance_intimates_&_sleepwear_next_to_naked_triangle_bralette_abercrombie & fitch_next to naked triangle bralette,abercrombie_and_fitch,women's > clearance > intimates_&_sleepwear > next_to_naked_triangle_bralette,Apparel,Bras,null,Women's,rugby,null,744698,1,1398,10
abercrombie_and_fitch_women's_clearance_dresses_&_jumpsuits_traveler_mini_dress_abercrombie & fitch_traveler mini dress,abercrombie_and_fitch,women's > clearance > dresses_&_jumpsuits > traveler_mini_dress,Apparel,Dresses,null,Women's,sportswear,null,8492274,1,54,29
abercrombie_and_fitch_women's_clearance_coats_&_jackets_wool-blend_dad_coat_abercrombie & fitch_wool-blend dad coat,abercrombie_and_fitch,women's > clearance > coats_&_jackets > wool-blend_dad_coat,Apparel,Jackets & Outerwear,null,Men's,sportswear,null,14466208,1,5,5
abercrombie_and_fitch_men's_tops_hoodies_&_sweatshirts_pullover_hoodies_abercrombie & fitch_essential popover hoodie,abercrombie_and_fitch,men's > tops > hoodies_&_sweatshirts > pullover_hoodies,Apparel,Tops,null,Men's,training,null,75229425,1,1,1
abercrombie_and_fitch_womens_dresses_puff sleeve tie-front mini dress,abercrombie_and_fitch,womens > dresses,Apparel,Track Suits,null,Women's,sportswear,null,527902,1,2030,1131
abercrombie_and_fitch_boys_clearance_underwear_&_socks_a&f_boxer_briefs_abercrombie kids_a&f boxer briefs,abercrombie_and_fitch,boys > clearance > underwear_&_socks > a&f_boxer_briefs,Apparel,Underwear,null,Kids,sportswear,null,9387715,1,7,22
abercrombie_and_fitch_women's_clearance_shoes_vivianne_leather_ankle_boots_abercrombie & fitch_vivianne leather ankle boots,abercrombie_and_fitch,women's > clearance > shoes > vivianne_leather_ankle_boots,Footwear,null,null,Women's,walking,null,541180,1,1979,1
academy_sports_kids_boys apparel_boys shorts_adidas_adidas boys’ aeroready elastic waistband big logo shorts,academy_sports,kids > boys apparel > boys shorts,Apparel,Bottoms,Baselayer Bottoms,Kids,basketball,null,9133329,1,23,34
academy_sports_men's_men's clothing_men's pants + jeans_nike_nike men's sportswear club fleece sweatpants,academy_sports,men's > men's clothing > men's pants + jeans,Apparel,Bottoms,Fleece Bottoms,Men's,tennis,null,43932707,1,8,1
academy_sports_men's_men's shoes + boots_men's shoes by sport_men's running shoes_brooks_brooks men's adrenaline gts 22 running shoes,academy_sports,men's > men's shoes + boots > men's shoes by sport > men's running shoes,Apparel,Bottoms,Other Bottoms,Men's,running,null,24397062,1,25,2
academy_sports_men's_men's clothing_men's trending_top back to school brands_men's adidas clothing_adidas_adidas men's tiro 21 track pants,academy_sports,men's > men's clothing > men's trending > top back to school brands > men's adidas clothing,Apparel,Bottoms,Pants,Men's,tennis,null,35897073,1,13,2
academy_sports_women's_women's clothing_women's shorts_nike_nike women's dry tempo shorts,academy_sports,women's > women's clothing > women's shorts,Apparel,Bottoms,Shorts,Women's,basketball,null,90307490,1,1,1
academy_sports_women's_women's shoes + boots_women's shoes by sport_women's running shoes_nike_nike women's downshifter 11 running shoes,academy_sports,women's > women's shoes + boots > women's shoes by sport > women's running shoes,Apparel,Bottoms,Skirts,Women's,running,null,6586440,1,69,21
academy_sports_men's_men's clothing_men's pants + jeans_bcg_bcg men's performance full length compression tights,academy_sports,men's > men's clothing > men's pants + jeans,Apparel,Bottoms,Tights,Men's,basketball,null,8267303,1,148,39
academy_sports_shops_fun in the sun_womens fun in the sun_fun in the sun womens clothing_womens fun in the sun sports bras_nike_nike™ women's indy v-neck low support sports bra,academy_sports,shops > fun in the sun > womens fun in the sun > fun in the sun womens clothing > womens fun in the sun sports bras,Apparel,Bras,null,Women's,swimming,null,30142691,1,3,1
academy_sports_shops_workwear clothing boots_work boots_construction boots_brazos_brazos men’s waltham wellington steel-toe work boots,academy_sports,shops > workwear clothing boots > work boots > construction boots,Apparel,Dresses,null,Men's,null,null,12907279,1,74,1
academy_sports_women's_women's clothing_women's jackets + vests_columbia_columbia sportswear women's benton springs full zip fleece jacket,academy_sports,women's > women's clothing > women's jackets + vests,Apparel,Jackets & Outerwear,null,Women's,running,null,18815804,1,9,4
academy_sports_outdoors_fishing_fishing shoes clothing_fishing shirts + t shirts_mens fishing shirts_magellan outdoors_magellan outdoors men's laguna madre solid short sleeve fishing shirt,academy_sports,outdoors > fishing > fishing shoes clothing > fishing shirts + t shirts > mens fishing shirts,Apparel,Tops,null,Men's,sportswear,null,149516188,1,1,1
academy_sports_men's_men's clothing_men's pants + jeans_adidas_adidas men's tiro24 tracksuit soccer training pants,academy_sports,men's > men's clothing > men's pants + jeans,Apparel,Track Suits,null,Men's,soccer,null,1928107,1,851,41
academy_sports_shops_all accessories_hats accessories_socks_athletic socks + 1_nike_nike men's everyday plus cushion training crew socks 6 pack,academy_sports,shops > all accessories > hats accessories > socks > athletic socks + 1,Apparel,Underwear,null,Men's,training,null,57335870,1,7,3
academy_sports_men's_men's shoes + boots_men's casual + outdoor boots_men's cowboy + western boots_durango_durango men's rebel american flag western boots,academy_sports,men's > men's shoes + boots > men's casual + outdoor boots > men's cowboy + western boots,Footwear,null,null,Men's,walking,null,42407133,1,9,1
"amazon_clothing, shoes & jewelry_men's clothing, shoes & jewelry_men's clothing_men's activewear_men's athletic pants_screenshot_screenshotbrand mens hip hop premium slim fit track pants - athletic jogger bottom with side taping",amazon_leia,"clothing, shoes & jewelry > men's clothing, shoes & jewelry > men's clothing > men's activewear > men's athletic pants",Apparel,Bottoms,null,Men's,null,null,5815506,1,1327,294
"amazon_clothing, shoes & jewelry_women_women's clothing_women's jeans_democracywomenscollection_democracy women's ab solution jegging",amazon_leia,"clothing, shoes & jewelry > women > women's clothing > women's jeans",Apparel,Bottoms,Baselayer Bottoms,Women's,running,null,39685467,1,60,5
"amazon_clothing, shoes & jewelry_men's clothing, shoes & jewelry_men's clothing_men's activewear_men's athletic pants_fruit of the loom_fruit of the loom eversoft fleece elastic bottom sweatpants with pockets, relaxed fit, moisture wicking, breathable",amazon_leia,"clothing, shoes & jewelry > men's clothing, shoes & jewelry > men's clothing > men's activewear > men's athletic pants",Apparel,Bottoms,Fleece Bottoms,Men's,training,null,58497817,1,23,19
"amazon_clothing, shoes & jewelry_women_women's shoes_women's athletic shoes_women's running shoes_brooks_brooks women's ghost 14 neutral running shoe",amazon_leia,"clothing, shoes & jewelry > women > women's shoes > women's athletic shoes > women's running shoes",Apparel,Bottoms,Other Bottoms,Women's,running,null,78497529,1,4,1
"amazon_clothing, shoes & jewelry_women_women's clothing_women's activewear_women's athletic pants_thegympeople_the gym people thick high waist yoga pants with pockets, tummy control workout running yoga leggings for women",amazon_leia,"clothing, shoes & jewelry > women > women's clothing > women's activewear > women's athletic pants",Apparel,Bottoms,Pants,Women's,cheer_dance,null,98524018,1,1,1
"amazon_clothing, shoes & jewelry_women_women's clothing_women's activewear_women's athletic shorts_baleaf_baleaf women's 8""/ 5""/ 3"" biker shorts high waist yoga workout gym running volleyball spandex shorts with pockets",amazon_leia,"clothing, shoes & jewelry > women > women's clothing > women's activewear > women's athletic shorts",Apparel,Bottoms,Shorts,Women's,volleyball,null,52695745,1,22,1
"amazon_clothing, shoes & jewelry_women_women's clothing_women's skirts_women's weekend skirts_urbancoco_urban coco women's basic versatile stretchy flared casual mini skater skirt",amazon_leia,"clothing, shoes & jewelry > women > women's clothing > women's skirts > women's weekend skirts",Apparel,Bottoms,Skirts,Women's,training,null,30139026,1,107,79
"amazon_clothing, shoes & jewelry_women_women's clothing_women's lingerie, sleep & lounge_women's thermal underwear_baleaf_baleaf women's fleece lined leggings thermal warm winter tights high waisted yoga pants cold weather with pockets",amazon_leia,"clothing, shoes & jewelry > women > women's clothing > women's lingerie, sleep & lounge > women's thermal underwear",Apparel,Bottoms,Tights,Women's,running,null,37890478,1,71,6
"amazon_clothing, shoes & jewelry_women_women's clothing_women's lingerie, sleep & lounge_women's lingerie_warner's_warner's women's easy does it® underarm-smoothing with seamless stretch wireless lightly lined comfort bra rm3911a",amazon_leia,"clothing, shoes & jewelry > women > women's clothing > women's lingerie, sleep & lounge > women's lingerie",Apparel,Bras,null,Women's,sportswear,null,70960671,1,9,4
"amazon_clothing, shoes & jewelry_women_women's clothing_women's dresses_women's casual dresses_belongsci_belongsci women's dress sweet & cute v-neck bell sleeve shift dress mini dress",amazon_leia,"clothing, shoes & jewelry > women > women's clothing > women's dresses > women's casual dresses",Apparel,Dresses,null,Women's,sportswear,null,55841938,1,21,8
"amazon_clothing, shoes & jewelry_women_women's clothing_women's coats, jackets & vests_women's down jackets & parkas_olay_orolay women's thickened down jacket",amazon_leia,"clothing, shoes & jewelry > women > women's clothing > women's coats, jackets & vests > women's down jackets & parkas",Apparel,Jackets & Outerwear,null,Women's,sportswear,null,78471155,1,5,2
"amazon_clothing, shoes & jewelry_sport specific clothing_ski clothing_women's skiing clothing_women's skiing bibs & pants_camel_camel women hiking fleece pants waterproof- winter pants insulated softshell pants golf snow skiing outerwear",amazon_leia,"clothing, shoes & jewelry > sport specific clothing > ski clothing > women's skiing clothing > women's skiing bibs & pants",Apparel,Jackets & Outerwear,Pants,Women's,null,null,78488,1,208453,92357
"amazon_clothing, shoes & jewelry_men's clothing, shoes & jewelry_men's clothing_men's shirts_men's t-shirts_gildan_gildan men's crew t-shirts, multipack, style g1100",amazon_leia,"clothing, shoes & jewelry > men's clothing, shoes & jewelry > men's clothing > men's shirts > men's t-shirts",Apparel,Tops,null,Men's,training,null,199608563,1,1,1
"amazon_clothing, shoes & jewelry_women_women's clothing_women's activewear_women's athletic clothing sets_anrabess_anrabess women 2 piece outfits sweatsuit oversized sweatshirt sweatpants tracksuit sweat lounge matching set 2024 fall trendy",amazon_leia,"clothing, shoes & jewelry > women > women's clothing > women's activewear > women's athletic clothing sets",Apparel,Track Suits,null,Women's,cheer_dance,null,18234790,1,283,26
"amazon_clothing, shoes & jewelry_men's clothing, shoes & jewelry_men's clothing_men's underwear_men's boxer briefs_fruit of the loom_fruit of the loom men's coolzone boxer briefs, moisture wicking & breathable, assorted color multipacks",amazon_leia,"clothing, shoes & jewelry > men's clothing, shoes & jewelry > men's clothing > men's underwear > men's boxer briefs",Apparel,Underwear,null,Men's,training,null,128895888,1,4,4
"amazon_clothing, shoes & jewelry_women_women's shoes_women's mules & clogs_crocs_crocs unisex-adult classic lined clog",amazon_leia,"clothing, shoes & jewelry > women > women's shoes > women's mules & clogs",Footwear,null,null,Men's,walking,null,90561162,1,8,1
champs_sports_clothing_shorts_csg_csg precision knit sht-bk,champs_sports,clothing > shorts,Apparel,Bottoms,Baselayer Bottoms,Unisex/Undefined,volleyball,null,1687120,1,12,2
champs_sports_clothing_hoodies & sweatshirts_hoodies & sweatshirts_nike_nike club pullover hoodie - men's,champs_sports,clothing > hoodies & sweatshirts > hoodies & sweatshirts,Apparel,Bottoms,Fleece Bottoms,Men's,golf,null,49588389,1,5,1
champs_sports_shoes_casual sneakers_casual sneakers_nike_nike air force 1 low '24 - boys' grade school,champs_sports,shoes > casual sneakers > casual sneakers,Apparel,Bottoms,Other Bottoms,Kids,sportswear,null,12486352,1,15,3
champs_sports_shoes_casual sneakers_casual sneakers_nike_nike air max 90 - men's,champs_sports,shoes > casual sneakers > casual sneakers,Apparel,Bottoms,Pants,Men's,sportswear,null,92699930,1,3,1
champs_sports_clothing_shorts_shorts_nike_nike gx club shorts - men's,champs_sports,clothing > shorts > shorts,Apparel,Bottoms,Shorts,Men's,basketball,null,7674913,1,61,7
champs_sports_shoes_casual sneakers_casual sneakers_nike_nike air force one lv8 ftl - boys' grade school,champs_sports,shoes > casual sneakers > casual sneakers,Apparel,Bottoms,Skirts,Kids,sportswear,null,707894,1,173,49
champs_sports_clothing_tights_performance tights_nike_nike pro dri-fit tights - men's,champs_sports,clothing > tights > performance tights,Apparel,Bottoms,Tights,Men's,basketball,null,694503,1,541,149
champs_sports_shoes_boots_outdoor boots_timberland_timberland 6 inch premium boots - men's,champs_sports,shoes > boots > outdoor boots,Apparel,Bras,null,Men's,null,null,1785357,1,231,21
champs_sports_shoes_clogs_clogs_crocs_crocs team spider-man echo clogs - men's,champs_sports,shoes > clogs > clogs,Apparel,Dresses,null,Men's,null,null,811385,1,466,31
champs_sports_clothing_hoodies & sweatshirts_hoodies & sweatshirts_nike_nike tech fleece full-zip windrunner hoodie - men's,champs_sports,clothing > hoodies & sweatshirts > hoodies & sweatshirts,Apparel,Jackets & Outerwear,null,Men's,basketball,null,14461062,1,31,4
champs_sports_clothing_hoodies & sweatshirts_hoodies & sweatshirts_nike_nike tech fleece full-zip hoodie - men's,champs_sports,clothing > hoodies & sweatshirts > hoodies & sweatshirts,Apparel,Tops,null,Men's,training,null,52561196,1,4,1
champs_sports_shoes_casual sneakers_casual sneakers_jordan_jordan zoom separate - men's,champs_sports,shoes > casual sneakers > casual sneakers,Apparel,Track Suits,null,Men's,basketball,null,561242,1,662,200
champs_sports_accessories_socks_socks_nike_nike 6 pack everyday plus cushioned socks - men's,champs_sports,accessories > socks > socks,Apparel,Underwear,null,Men's,running,null,36131893,1,12,1
champs_sports_shoes_casual sneakers_casual sneakers_nike_nike air max plus - men's,champs_sports,shoes > casual sneakers > casual sneakers,Footwear,null,null,Men's,training,cross_training,122167531,1,1,1
"costco_clothing, luggage & handbags_weatherproof_weatherproof vintage jogger",costco,"clothing, luggage & handbags",Apparel,Bottoms,Baselayer Bottoms,Unisex/Undefined,cheer_dance,null,78350676,1,18,1
"costco_clothing, luggage & handbags_calvin klein_calvin klein jogger",costco,"clothing, luggage & handbags",Apparel,Bottoms,Fleece Bottoms,Unisex/Undefined,training,null,40832191,1,37,9
"costco_clothing, luggage & handbags_adidas_unknown adidas product",costco,"clothing, luggage & handbags",Apparel,Bottoms,Other Bottoms,Men's,volleyball,null,1356354772,1,1,1
"costco_clothing, luggage & handbags_levi's_levi's 505 jeans",costco,"clothing, luggage & handbags",Apparel,Bottoms,Pants,Unisex/Undefined,sportswear,null,294935048,1,5,1
"costco_clothing, luggage & handbags_weatherproof_weatherproof vintage shorts",costco,"clothing, luggage & handbags",Apparel,Bottoms,Shorts,Unisex/Undefined,tennis,null,60484234,1,26,3
"costco_clothing, luggage & handbags_32d skort",costco,"clothing, luggage & handbags",Apparel,Bottoms,Skirts,Unisex/Undefined,volleyball,null,17908947,1,119,5
"costco_clothing, luggage & handbags_adidas tight",costco,"clothing, luggage & handbags",Apparel,Bottoms,Tights,Unisex/Undefined,tennis,null,48316879,1,31,5
"costco_clothing, luggage & handbags_calvin klein_calvin klein bra",costco,"clothing, luggage & handbags",Apparel,Bras,null,Unisex/Undefined,training,null,38196232,1,41,12
"costco_clothing, luggage & handbags_32d dress",costco,"clothing, luggage & handbags",Apparel,Dresses,null,Unisex/Undefined,cheer_dance,null,24762908,1,77,9
"costco_clothing, luggage & handbags_eddie bauer_unknown eddie bauer product",costco,"clothing, luggage & handbags",Apparel,Jackets & Outerwear,null,Unisex/Undefined,basketball,null,1085661487,1,1,1
"costco_clothing, luggage & handbags_fila_unknown fila product",costco,"clothing, luggage & handbags",Apparel,Tops,null,Unisex/Undefined,basketball,null,395870565,1,2,2
"costco_clothing, luggage & handbags_clothing for boys_sleepwear for boys___felina_felina ladies' velour track suit",costco,"clothing, luggage & handbags > clothing for boys > sleepwear for boys >  > ",Apparel,Track Suits,null,Kids,sportswear,null,56929451,1,1,9
"costco_clothing, luggage & handbags_k.bell_k bell ladies' no show sock, 10-pair, assorted colors",costco,"clothing, luggage & handbags",Apparel,Underwear,null,Women's,sportswear,null,200010896,1,1,2
"costco_clothing, luggage & handbags_skechers_unknown skechers product",costco,"clothing, luggage & handbags",Footwear,null,null,Unisex/Undefined,basketball,outdoor_soccer,120361276,1,13,1
dicks_sporting_goods_athletic clothing_men's clothing_men's shorts_shorts_nike_nike men's club french terry flow shorts,dicks_sporting_goods,athletic clothing > men's clothing > men's shorts > shorts,Apparel,Bottoms,Baselayer Bottoms,Men's,basketball,null,23378401,1,59,30
dicks_sporting_goods_athletic clothing_men's clothing_men's pants_pants_nike_nike men's sportswear club fleece joggers,dicks_sporting_goods,athletic clothing > men's clothing > men's pants > pants,Apparel,Bottoms,Fleece Bottoms,Men's,training,null,226277992,1,4,2
dicks_sporting_goods_shoes_men's shoes_men's cleats_cleats_men's football cleats_nike_nike vapor edge pro 360 2 football cleats,dicks_sporting_goods,shoes > men's shoes > men's cleats > cleats > men's football cleats,Apparel,Bottoms,Other Bottoms,Men's,soccer,null,87218968,1,12,1
dicks_sporting_goods_athletic clothing_women's clothing_women's pants_pants_nike_nike sportswear women's essential fleece pants,dicks_sporting_goods,athletic clothing > women's clothing > women's pants > pants,Apparel,Bottoms,Pants,Women's,training,null,97647534,1,4,6
dicks_sporting_goods_athletic clothing_women's clothing_shorts_women's shorts_nike_nike women's pro 3” shorts,dicks_sporting_goods,athletic clothing > women's clothing > shorts > women's shorts,Apparel,Bottoms,Shorts,Women's,basketball,null,192905341,1,2,2
dicks_sporting_goods_athletic clothing_men's clothing_men's swimsuits_nike_nike men's core contend 8” volley swim trunks,dicks_sporting_goods,athletic clothing > men's clothing > men's swimsuits,Apparel,Bottoms,Skirts,Men's,volleyball,null,8492657,1,336,4
dicks_sporting_goods_athletic clothing_women's clothing_women's pants_pants_nike_nike women's dri-fit mid-rise tights,dicks_sporting_goods,athletic clothing > women's clothing > women's pants > pants,Apparel,Bottoms,Tights,Women's,soccer,null,18172902,1,55,8
dicks_sporting_goods_shoes_men's shoes_men's cleats_cleats_men's track & field cleats_nike_nike zoom rival sprint track and field shoes,dicks_sporting_goods,shoes > men's shoes > men's cleats > cleats > men's track & field cleats,Apparel,Bras,null,Men's,running,null,39417592,1,30,1
"dicks_sporting_goods_athletic clothing_women's clothing_women's athletic skirts, skorts & dresses_fp movement_fp movement women's hot shot mini dress",dicks_sporting_goods,"athletic clothing > women's clothing > women's athletic skirts, skorts & dresses",Apparel,Dresses,null,Women's,volleyball,null,7839024,1,186,6
dicks_sporting_goods_athletic clothing_women's clothing_jackets & vests_the north face_the north face women's osito fleece jacket,dicks_sporting_goods,athletic clothing > women's clothing > jackets & vests,Apparel,Jackets & Outerwear,null,Women's,hiking,null,72093714,1,7,1
dicks_sporting_goods_athletic clothing_men's clothing_hoodies & sweatshirts_nike_nike men's sportswear club fleece hoodie,dicks_sporting_goods,athletic clothing > men's clothing > hoodies & sweatshirts,Apparel,Tops,null,Men's,basketball,null,460813021,1,1,1
dicks_sporting_goods_athletic clothing_men's clothing_nike_mnswclubjg/b,dicks_sporting_goods,athletic clothing > men's clothing,Apparel,Track Suits,null,Men's,basketball,null,1188753,1,2080,1197
dicks_sporting_goods_athletic clothing_athletic & outdoor accessories_socks_nike_nike dri-fit everyday plus cushioned training crew socks - 6 pack,dicks_sporting_goods,athletic clothing > athletic & outdoor accessories > socks,Apparel,Underwear,null,Men's,training,null,425210498,1,2,1
dicks_sporting_goods_shoes_women's shoes_women's athletic & sneakers_athletic shoes_women's_nike_nike women's air max 270 shoes,dicks_sporting_goods,shoes > women's shoes > women's athletic & sneakers > athletic shoes > women's,Footwear,null,null,Women's,training,cross_training,283357753,1,1,1
foot_locker_shoes_boots_outdoor boots_ugg_ugg ultra mini platform - girls' grade school,foot_locker,shoes > boots > outdoor boots,Apparel,Bottoms,Baselayer Bottoms,Kids,sportswear,null,1167692,1,224,42
foot_locker_clothing_pants_pants_nike_nike tech fleece joggers - men's,foot_locker,clothing > pants > pants,Apparel,Bottoms,Fleece Bottoms,Men's,training,null,51381077,1,13,1
foot_locker_shoes_casual sneakers_casual sneakers_nike_nike dunk low - women's,foot_locker,shoes > casual sneakers > casual sneakers,Apparel,Bottoms,Other Bottoms,Women's,sportswear,null,69359340,1,3,1
foot_locker_clothing_pants_pants_nike_nike club joggers - men's,foot_locker,clothing > pants > pants,Apparel,Bottoms,Pants,Men's,soccer,null,35048317,1,28,1
foot_locker_clothing_shorts_shorts_nike_nike gx club shorts - men's,foot_locker,clothing > shorts > shorts,Apparel,Bottoms,Shorts,Men's,basketball,null,6290556,1,168,16
foot_locker_shoes_casual sneakers_casual sneakers_on running_on cloudswift 3 - men's,foot_locker,shoes > casual sneakers > casual sneakers,Apparel,Bottoms,Skirts,Men's,training,null,8543493,1,119,10
foot_locker_clothing_tights_tights_nike_nike pro 365 tights - women's,foot_locker,clothing > tights > tights,Apparel,Bottoms,Tights,Women's,basketball,null,411957,1,313,349
foot_locker_shoes_performance basketball shoes_performance basketball shoes_new balance_new balance 550 - women's,foot_locker,shoes > performance basketball shoes > performance basketball shoes,Apparel,Bras,null,Men's,running,null,7073872,1,145,3
foot_locker_shoes_casual sneakers_casual sneakers_nike_nike air vapormax flyknit 2021 - women's,foot_locker,shoes > casual sneakers > casual sneakers,Apparel,Dresses,null,Women's,training,null,17824012,1,18,7
foot_locker_clothing_jackets_jackets_nike_nike woven windrunner lined hooded jacket - men's,foot_locker,clothing > jackets > jackets,Apparel,Jackets & Outerwear,null,Men's,soccer,null,10923674,1,89,4
foot_locker_shoes_performance basketball shoes_jordan_jordan retro 3 - men's,foot_locker,shoes > performance basketball shoes,Apparel,Tops,null,Men's,sportswear,null,52265980,1,12,2
foot_locker_clothing_jackets_nike_nk bk wt swoosh trk jkt,foot_locker,clothing > jackets,Apparel,Track Suits,null,Men's,basketball,null,475051,1,1488,304
foot_locker_accessories_socks_socks_nike_nike 6 pack dri-fit plus no show socks - men's,foot_locker,accessories > socks > socks,Apparel,Underwear,null,Men's,soccer,null,16327680,1,65,2
foot_locker_shoes_casual sneakers_casual sneakers_nike_nike air force 1 '07 - men's,foot_locker,shoes > casual sneakers > casual sneakers,Footwear,null,null,Men's,sportswear,sportswear_basketball,506254695,1,1,1
hoka_shoes_mens trail_hoka_stinson 7,hoka,shoes > mens trail,Apparel,Bottoms,Other Bottoms,Men's,null,null,8422237,1,7,4
hoka_shoes_performance running shoes_hoka_arahi 7,hoka,shoes > performance running shoes,Apparel,Bottoms,Pants,Women's,null,null,44079987,1,6,1
hoka_shoes_performance running shoes_hoka_bondi 8,hoka,shoes > performance running shoes,Apparel,Tops,null,Women's,running,null,299061535,1,1,1
hoka_shoes_performance running shoes_hoka_clifton 9,hoka,shoes > performance running shoes,Footwear,null,null,Women's,running,road_running,224268191,1,2,1
kids_foot_locker_clothing_shorts_shorts_nike_nike nsw tech fleece shorts - boys' grade school,kids_foot_locker,clothing > shorts > shorts,Apparel,Bottoms,Baselayer Bottoms,Men's,basketball,null,789921,1,183,34
kids_foot_locker_clothing_pants_pants_nike_nike nsw tech fleece pants - boys' grade school,kids_foot_locker,clothing > pants > pants,Apparel,Bottoms,Fleece Bottoms,Men's,soccer,null,4855831,1,30,1
kids_foot_locker_shoes_casual sneakers_casual sneakers_nike_nike huarache run - boys' grade school,kids_foot_locker,shoes > casual sneakers > casual sneakers,Apparel,Bottoms,Other Bottoms,Kids,training,null,25305695,1,3,1
kids_foot_locker_shoes_casual sneakers_casual basketball sneakers_jordan_jordan retro 12 - boys' preschool,kids_foot_locker,shoes > casual sneakers > casual basketball sneakers,Apparel,Bottoms,Pants,Kids,sportswear,null,4880822,1,23,2
kids_foot_locker_clothing_shorts_shorts_nike_nike nsw club shorts - boys' grade school,kids_foot_locker,clothing > shorts > shorts,Apparel,Bottoms,Shorts,Men's,basketball,null,2037476,1,82,10
kids_foot_locker_shoes_casual sneakers_casual basketball sneakers_jordan_jordan aj 1 fund mid - girls' preschool,kids_foot_locker,shoes > casual sneakers > casual basketball sneakers,Apparel,Bottoms,Skirts,Kids,sportswear,null,399181,1,322,46
kids_foot_locker_shoes_casual sneakers_casual sneakers_nike_nike air max 95  - boys' grade school,kids_foot_locker,shoes > casual sneakers > casual sneakers,Apparel,Bras,null,Men's,sportswear,null,2477451,1,66,7
kids_foot_locker_shoes_sneakers_jordan_jordan aj 3 retro - girls' grade school,kids_foot_locker,shoes > sneakers,Apparel,Dresses,null,Kids,running,null,217111,1,545,27
kids_foot_locker_clothing_jackets_jackets_nike_nike windrunner jacket - boys' grade school,kids_foot_locker,clothing > jackets > jackets,Apparel,Jackets & Outerwear,null,Men's,basketball,null,3466375,1,47,6
kids_foot_locker_shoes_performance basketball shoes_performance basketball shoes_jordan_jordan mvp - boys' grade school,kids_foot_locker,shoes > performance basketball shoes > performance basketball shoes,Apparel,Tops,null,Kids,basketball,null,8544280,1,15,1
kids_foot_locker_shoes_casual sneakers_casual basketball sneakers_puma_puma mb.02 - boys' grade school,kids_foot_locker,shoes > casual sneakers > casual basketball sneakers,Apparel,Track Suits,null,Kids,basketball,null,766463,1,164,36
kids_foot_locker_accessories_socks_socks_nike_nike 6 pack cushioned quarter socks - boys' grade school,kids_foot_locker,accessories > socks > socks,Apparel,Underwear,null,Kids,soccer,null,3226059,1,43,2
kids_foot_locker_shoes_casual sneakers_casual sneakers_jordan_jordan aj 1 mid - boys' grade school,kids_foot_locker,shoes > casual sneakers > casual sneakers,Footwear,null,null,Men's,basketball,performance_basketball,58045572,1,1,1
kohls_bottoms_sonoma goods for life_women's sonoma goods for life® midrise leggings,kohls,bottoms,Apparel,Bottoms,Baselayer Bottoms,Women's,training,null,16504601,1,192,117
kohls_bottoms_nike_men's nike sportswear club fleece joggers,kohls,bottoms,Apparel,Bottoms,Fleece Bottoms,Men's,training,null,71244304,1,20,11
kohls_bottoms_levi's_men's levi's® 559™ relaxed straight fit jeans,kohls,bottoms,Apparel,Bottoms,Other Bottoms,Men's,sportswear,null,62784285,1,30,9
kohls_juniors_clothing_bottoms_pants_so_so_juniors' so® pull-on flare-leg pants,kohls,juniors > clothing > bottoms > pants > so,Apparel,Bottoms,Pants,Women's,softball,null,167885696,1,5,2
kohls_mens_clothing_bottoms_shorts_sonoma goods for life_sonoma goods for life_men's sonoma goods for life® 10-inch flexwear ripstop cargo shorts,kohls,mens > clothing > bottoms > shorts > sonoma goods for life,Apparel,Bottoms,Shorts,Men's,hiking,null,90867540,1,11,3
kohls_womens_clothing_bottoms_skirts & skorts_nine west_nine west_women's nine west knit sweater skirt,kohls,womens > clothing > bottoms > skirts & skorts > nine west,Apparel,Bottoms,Skirts,Women's,cheer_dance,null,42838004,1,45,7
kohls_womens_clothing_bottoms_jeans_gloria vanderbilt_gloria vanderbilt_women's gloria vanderbilt amanda classic jeans,kohls,womens > clothing > bottoms > jeans > gloria vanderbilt,Apparel,Bottoms,Tights,Women's,cheer_dance,null,579143156,1,1,1
kohls_underwear_bali_bali comfort revolution shaping wireless bra df3488,kohls,underwear,Apparel,Bras,null,Women's,sportswear,null,85809870,1,10,2
kohls_womens_clothing_dresses_nine west_nine west_women's nine west knot-back long sleeve dress,kohls,womens > clothing > dresses > nine west,Apparel,Dresses,null,Women's,sportswear,null,63554594,1,19,8
kohls_suits_haggar_men's haggar® travel performance tailored-fit stretch suit jacket,kohls,suits,Apparel,Jackets & Outerwear,null,Men's,basketball,null,139290526,1,6,4
kohls_mens_clothing_tops_tops & tees_nike_nike_men's nike sportswear club fleece pullover hoodie,kohls,mens > clothing > tops > tops & tees > nike,Apparel,Tops,null,Men's,basketball,null,442153376,1,1,1
kohls_boys_girls_active_apparel_nike_kids 7-20 nike tracksuit set,kohls,boys > girls > active > apparel,Apparel,Track Suits,null,Men's,training,null,3505158,1,1241,725
kohls_socks_hosiery_nike_men's nike 6-pack everyday plus cushion crew training socks,kohls,socks > hosiery,Apparel,Underwear,null,Men's,training,null,63511715,1,29,18
kohls_shoes_nike_nike air monarch iv men's cross-training shoes,kohls,shoes,Footwear,null,null,Men's,tennis,cross_training,65969737,1,25,1
"lululemon_women's clothes_pants_leggings_lululemon_fast and free tight ii 25"" *nulux, black",lululemon,women's clothes > pants > leggings,Apparel,Bottoms,Baselayer Bottoms,Women's,tennis,null,81709291,1,15,3
"lululemon_women's clothes_pants_sweatpants_lululemon_adapted state high-rise jogger *full length, black",lululemon,women's clothes > pants > sweatpants,Apparel,Bottoms,Fleece Bottoms,Women's,training,null,26218385,1,81,52
lululemon_men's clothes_pants_joggers_lululemon_at ease jogger,lululemon,men's clothes > pants > joggers,Apparel,Bottoms,Other Bottoms,Men's,training,null,32651892,1,12,39
"lululemon_women's clothes_pants_leggings_lululemon_lululemon align™ high-rise pant 25"", black",lululemon,women's clothes > pants > leggings,Apparel,Bottoms,Pants,Women's,training,null,408772786,1,1,1
"lululemon_women's clothes_shorts_lululemon_hotty hot low-rise lined short 2.5"", black",lululemon,women's clothes > shorts,Apparel,Bottoms,Shorts,Women's,training,null,90927069,1,11,7
"lululemon_women's clothes_skirts_lululemon_pace rival mid-rise skirt *long, black",lululemon,women's clothes > skirts,Apparel,Bottoms,Skirts,Women's,field_hockey,null,41498715,1,40,1
"lululemon_women's clothes_pants_lululemon_wunder train high-rise tight 25"", black",lululemon,women's clothes > pants,Apparel,Bottoms,Tights,Women's,training,null,149978335,1,5,3
"lululemon_women's clothes_sports bras_lululemon_flow y bra nulu *light support, a–c cups, black",lululemon,women's clothes > sports bras,Apparel,Bras,null,Women's,cheer_dance,null,22564134,1,98,4
"lululemon_women's clothes_dresses_lululemon_lululemon align™ dress, black",lululemon,women's clothes > dresses,Apparel,Dresses,null,Women's,training,null,14139751,1,178,125
"lululemon_women's clothes_coats & jackets_lululemon_define jacket *luon, black",lululemon,women's clothes > coats & jackets,Apparel,Jackets & Outerwear,null,Women's,basketball,null,229414343,1,3,1
lululemon_women's clothes_shirts_long sleeve shirts_lululemon_swiftly tech long-sleeve shirt 2.0 *waist length,lululemon,women's clothes > shirts > long sleeve shirts,Apparel,Tops,null,Women's,soccer,null,150427042,1,4,1
"lululemon_men's clothes_underwear_lululemon_always in motion boxer 5"" *3 pack",lululemon,men's clothes > underwear,Apparel,Underwear,null,Men's,training,null,43223503,1,4,23
lululemon_shoes_lululemon_women's restfeel slide,lululemon,shoes,Footwear,null,null,Women's,walking,null,34338790,1,60,1
"macys_men_suits & tuxedos____alfani_men's slim-fit stretch solid suit pants, created for macy's",macys,men > suits & tuxedos >  >  > ,Apparel,Bottoms,null,Men's,null,null,2298455,1,1157,214
macys_mens_active_apparel_adidas_men's adidas tricot track pants,macys,mens > active > apparel,Apparel,Bottoms,Baselayer Bottoms,Men's,basketball,null,6166343,1,354,89
macys_men_pants_ralph lauren_men's cotton-blend-fleece pants,macys,men > pants,Apparel,Bottoms,Fleece Bottoms,Men's,american_football,null,20750646,1,50,1
macys_apparel & accessories_shoes_unknown product,macys,apparel & accessories > shoes,Apparel,Bottoms,Other Bottoms,Men's,basketball,null,43837146,1,16,10
macys_juniors_leggings & pants_bcx_juniors' straight-leg trouser pants,macys,juniors > leggings & pants,Apparel,Bottoms,Pants,Women's,field_hockey,null,66426249,1,6,1
macys_men_swimwear_hurley_phantom patriot 2 20 board short,macys,men > swimwear,Apparel,Bottoms,Shorts,Men's,swimming,null,26182859,1,34,2
macys_shoes_women's shoes_women's athletic & sneakers_athletic shoes_women's_nike_nike women's air max 270 shoes,macys,shoes > women's shoes > women's athletic & sneakers > athletic shoes > women's,Apparel,Bottoms,Skirts,Women's,running,null,10635778,1,150,3
"macys_women_activewear_id ideology_women's compression pocket full-length leggings, regular & petite, created for macy's",macys,women > activewear,Apparel,Bottoms,Tights,Women's,cheer_dance,null,2871513,1,1000,139
macys_women_bras & bralettes_vanity fair lingerie_full figure beauty back smoother wireless bra 71380,macys,women > bras & bralettes,Apparel,Bras,null,Women's,sportswear,null,27429011,1,28,16
macys_apparel & accessories_clothing_dresses_unknown product,macys,apparel & accessories > clothing > dresses,Apparel,Dresses,null,Women's,basketball,null,117386362,1,3,3
macys_apparel & accessories_clothing_outerwear_unknown product,macys,apparel & accessories > clothing > outerwear,Apparel,Jackets & Outerwear,null,Women's,basketball,null,241228197,1,2,2
macys_apparel & accessories_clothing_shirts & tops_unknown product,macys,apparel & accessories > clothing > shirts & tops,Apparel,Tops,null,Women's,basketball,null,536097180,1,1,1
"macys_women_all pajamas, robes & loungewear_white mark_women's velour tracksuit loungewear 2pc set",macys,"women > all pajamas, robes & loungewear",Apparel,Track Suits,null,Women's,sportswear,null,2817132,1,1031,573
macys_men_underwear & socks_unknown product,macys,men > underwear & socks,Apparel,Underwear,null,Men's,basketball,null,63169851,1,5,6
macys_shoes_sandals_born_women's ginny wedge sandal,macys,shoes > sandals,Footwear,null,null,Women's,outdoor_sandals,null,57686151,1,9,1
nike_men_apparel_basketball_nike_nike dri-fit icon men's basketball shorts,nike,men > apparel > basketball,Apparel,Bottoms,Baselayer Bottoms,Men's,basketball,null,17309153,1,182,15
nike_men_apparel_lifestyle_nike_nike sportswear club fleece joggers,nike,men > apparel > lifestyle,Apparel,Bottoms,Fleece Bottoms,Men's,training,null,177517860,1,6,1
nike_women_footwear_lifestyle_nike_nike air force 1 '07 women's shoe,nike,women > footwear > lifestyle,Apparel,Bottoms,Other Bottoms,Women's,null,null,124419736,1,5,1
nike_men_footwear_lifestyle_nike_air jordan 4 retro men's shoes,nike,men > footwear > lifestyle,Apparel,Bottoms,Pants,Men's,sportswear,null,229816887,1,2,1
nike_men_nike_nike mens sportswear shorts,nike,men,Apparel,Bottoms,Shorts,Men's,basketball,null,39833267,1,67,3
nike_women_nike_nike womens air max 97 shoes,nike,women,Apparel,Bottoms,Skirts,Women's,training,null,8452366,1,200,64
nike_men_apparel_workouts_nike_nike pro men's tights,nike,men > apparel > workouts,Apparel,Bottoms,Tights,Men's,basketball,null,8251026,1,425,76
nike_women_nike_womens nike swoosh medium-support sports bra,nike,women,Apparel,Bras,null,Women's,tennis,null,18863620,1,68,25
nike_women_footwear_lifestyle_nike_nike shox r4 women's shoes,nike,women > footwear > lifestyle,Apparel,Dresses,null,Women's,sportswear,null,6056503,1,295,35
nike_men_apparel_lifestyle_nike_nike tech men's full-zip windrunner hoodie,nike,men > apparel > lifestyle,Apparel,Jackets & Outerwear,null,Men's,training,null,26790392,1,110,17
nike_men_apparel_lifestyle_nike_mens nike sportswear t-shirt,nike,men > apparel > lifestyle,Apparel,Tops,null,Men's,swimming,null,450110048,1,1,1
nike_men_footwear_nike_air jordan 1 hi zoom air men's shoe,nike,men > footwear,Apparel,Track Suits,null,Men's,basketball,null,12088291,1,272,37
nike_men_nike_nike mens dri-fit quarter socks - 6 pack,nike,men,Apparel,Underwear,null,Men's,tennis,null,74187726,1,32,3
nike_women_footwear_lifestyle_nike_nike dunk low women's shoes,nike,women > footwear > lifestyle,Footwear,null,null,Women's,sportswear,sportswear_running,384447702,1,1,1
nordstrom_juniors_jeans____nydj_nydj teresa wide leg jeans,nordstrom,juniors > jeans >  >  > ,Apparel,Bottoms,null,Women's,sportswear,null,38052,1,94137,28569
"nordstrom_women_all pajamas, robes & loungewear_felina_zella live in high waist leggings",nordstrom,"women > all pajamas, robes & loungewear",Apparel,Bottoms,Baselayer Bottoms,Women's,sportswear,null,10654216,1,27,5
nordstrom_clothing_jeans & pants_women_vuori_vuori performance joggers,nordstrom,clothing > jeans & pants > women,Apparel,Bottoms,Fleece Bottoms,Women's,basketball,null,5957022,1,99,14
nordstrom_women_skirts_mango_denim,nordstrom,women > skirts,Apparel,Bottoms,Other Bottoms,Women's,sportswear,null,26035951,1,8,1
nordstrom_clothing shoes accessories_men_mens clothing_7 for all mankind_slimmy slim fit,nordstrom,clothing shoes accessories > men > mens clothing,Apparel,Bottoms,Pants,Men's,golf,null,30298488,1,4,1
nordstrom_athletic clothing_athletic & outdoor accessories_socks_nike_boys 8-20 :b nk air short bf,nordstrom,athletic clothing > athletic & outdoor accessories > socks,Apparel,Bottoms,Shorts,Men's,cheer_dance,null,5355179,1,54,16
nordstrom_women_skirts_ralph lauren_cerloe elegant layered pleated,nordstrom,women > skirts,Apparel,Bottoms,Skirts,Women's,cheer_dance,null,5998418,1,97,13
nordstrom_women_pants & capris_spanx_spanx® faux leather leggings (regular & petite),nordstrom,women > pants & capris,Apparel,Bottoms,Tights,Women's,cheer_dance,null,4896023,1,144,18
nordstrom_women_bras & bralettes_natori_natori bliss perfection underwire contour bra,nordstrom,women > bras & bralettes,Apparel,Bras,null,Women's,training,null,6799629,1,77,4
nordstrom_shoes_sandals_women_tory burch_wms best s:miller patent,nordstrom,shoes > sandals > women,Apparel,Dresses,null,Women's,sportswear,null,14721715,1,13,3
nordstrom_women_pants & capris_karl lagerfeld paris_designer 2:fulmarus giubbotto,nordstrom,women > pants & capris,Apparel,Jackets & Outerwear,null,Women's,training,null,68992730,1,1,1
nordstrom_sports fan shop_puma_s negkl,nordstrom,sports fan shop,Apparel,Tops,null,Men's,basketball,null,28390946,1,7,1
nordstrom_clothing_sweatshirts & hoodies_alo_alo alosoft visionary hooded pullover,nordstrom,clothing > sweatshirts & hoodies,Apparel,Tops,Other Bottoms,Men's,basketball,null,31865,1,42978,13290
nordstrom_clothing shoes accessories_women_cole haan_wmns core :cloudfeel stitchlite e,nordstrom,clothing shoes accessories > women,Apparel,Track Suits,null,Women's,tennis,null,4303272,1,180,21
nordstrom_clothing_underwear & intimates_women_natori_lingerie :pure luxe custom co,nordstrom,clothing > underwear & intimates > women,Apparel,Underwear,null,Women's,sportswear,null,5532137,1,116,17
nordstrom_shoes_saint laurent opyum ankto wrap sandal (women),nordstrom,shoes,Footwear,null,null,Women's,outdoor_sandals,null,57491071,1,2,1
on_on running_shoes_on_cloud 5 push,on,On Running > shoes,Apparel,Bottoms,Other Bottoms,Women's,training,null,11926134,1,19,1
on_on running_shoes_on_cloud 6,on,On Running > shoes,Apparel,Bottoms,Pants,Women's,sportswear,null,50364532,1,2,1
on_shoes_on_cloudflyer waterproof,on,shoes,Apparel,Jackets & Outerwear,null,Unisex/Undefined,null,null,4781467,1,17,6
on_on running_shoes_on_cloudnova,on,On Running > shoes,Apparel,Tops,null,Men's,running,null,97881966,1,2,1
on_on running_shoes_on_cloudmonster,on,On Running > shoes,Footwear,null,null,Men's,soccer,outdoor_soccer,114682033,1,1,1
scheels_skort searsucker-m/taupe,scheels,,Apparel,Bottoms,null,Unisex/Undefined,volleyball,null,37987,1,21699,892
scheels_football girdles_nike_boys' nike pro hyperstrong padded football compression shorts,scheels,football girdles,Apparel,Bottoms,Baselayer Bottoms,Men's,soccer,null,10511408,1,22,2
scheels_sweatpants & joggers_nike_women's nike sportswear club fleece joggers,scheels,sweatpants & joggers,Apparel,Bottoms,Fleece Bottoms,Women's,training,null,21889904,1,5,2
scheels_kd trey 5 vll-7.5/red/bl*/wht,scheels,,Apparel,Bottoms,Other Bottoms,Unisex/Undefined,basketball,null,15008353,1,6,7
scheels_purchase hg,scheels,,Apparel,Bottoms,Pants,Unisex/Undefined,basketball,null,28386392,1,1,3
scheels_shorts_nike_women's nike pro shorts,scheels,shorts,Apparel,Bottoms,Shorts,Women's,basketball,null,19429645,1,8,4
scheels_tight pro-m/black/white,scheels,,Apparel,Bottoms,Skirts,Men's,basketball,null,3973810,1,102,52
scheels_tight fly fast-xs/blk,scheels,,Apparel,Bottoms,Tights,Men's,basketball,null,3604328,1,120,61
scheels_bras_nike_women's nike swoosh medium support sports bra,scheels,bras,Apparel,Bras,null,Women's,soccer,null,4784453,1,38,4
scheels_pants_liverpool los angeles_women's liverpool los angeles kelsey knit trouser dress pants,scheels,pants,Apparel,Dresses,null,Women's,cheer_dance,null,3374670,1,63,8
scheels_trade in hg,scheels,,Apparel,Jackets & Outerwear,null,Men's,basketball,null,70338469,1,2,2
scheels_tee fr americana ls-xl/nvy,scheels,,Apparel,Tops,null,Men's,basketball,null,103133548,1,1,1
scheels_hmrness binoc vortex-blk,scheels,,Apparel,Track Suits,null,Unisex/Undefined,basketball,null,413776,1,744,873
scheels_socks_nike_adult nike everyday plus cushioned training 6 pack no show socks,scheels,socks,Apparel,Underwear,null,Unisex/Undefined,training,null,8472606,1,12,10
scheels_sandals_birkenstock_women's birkenstock florida soft footbed slide sandals,scheels,sandals,Footwear,null,null,Women's,outdoor_sandals,null,82568354,1,1,1
"target_clothing, shoes & accessories_women's clothing_jeans_universal thread_women's high-rise slim straight fit jeans - universal thread",target,"clothing, shoes & accessories > women's clothing > jeans",Apparel,Bottoms,Baselayer Bottoms,Women's,sportswear,null,47429451,1,82,47
"target_clothing, shoes & accessories_women's clothing_pajamas & loungewear_pajama bottoms_stars above_women's striped perfectly cozy jogger pants - stars above",target,"clothing, shoes & accessories > women's clothing > pajamas & loungewear > pajama bottoms",Apparel,Bottoms,Fleece Bottoms,Women's,training,null,174793862,1,11,3
"target_clothing, shoes & accessories_kids' clothing_girls' clothing_bottoms_cat & jack_girls' leggings - cat & jack",target,"clothing, shoes & accessories > kids' clothing > girls' clothing > bottoms",Apparel,Bottoms,Other Bottoms,Women's,sportswear,null,237236573,1,4,2
"target_clothing, shoes & accessories_women's clothing_jeans_universal thread_women's high-rise skinny jeans - universal thread",target,"clothing, shoes & accessories > women's clothing > jeans",Apparel,Bottoms,Pants,Women's,null,null,271043184,1,3,1
"target_clothing, shoes & accessories_toddler clothing_toddler boys' clothing_bottoms_cat & jack_toddler boys' knit pull-on shorts - cat & jack",target,"clothing, shoes & accessories > toddler clothing > toddler boys' clothing > bottoms",Apparel,Bottoms,Shorts,Kids,sportswear,null,129173871,1,4,6
"target_clothing, shoes & accessories_women's clothing_swimsuits_bikinis_shade & shore_women's ruffle cheeky bikini bottom - shade & shore",target,"clothing, shoes & accessories > women's clothing > swimsuits > bikinis",Apparel,Bottoms,Skirts,Women's,swimming,null,35533253,1,132,3
"target_clothing, shoes & accessories_women's clothing_activewear_workout bottoms_ingrid & isabel_over belly active maternity leggings - isabel maternity by ingrid & isabel",target,"clothing, shoes & accessories > women's clothing > activewear > workout bottoms",Apparel,Bottoms,Tights,Women's,training,null,19571413,1,332,200
"target_clothing, shoes & accessories_women's clothing_intimates_bras_auden_women's everyday lightly lined demi t-shirt bra - auden",target,"clothing, shoes & accessories > women's clothing > intimates > bras",Apparel,Bras,null,Women's,training,null,92026445,1,24,15
"target_clothing, shoes & accessories_women's clothing_dresses_wild fable_wild fable",target,"clothing, shoes & accessories > women's clothing > dresses",Apparel,Dresses,null,Women's,training,null,125107087,1,15,8
"target_clothing, shoes & accessories_women's clothing_coats & jackets_wild fable_women's denim chore jacket - wild fable",target,"clothing, shoes & accessories > women's clothing > coats & jackets",Apparel,Jackets & Outerwear,null,Women's,sportswear,null,98239328,1,22,10
"target_clothing, shoes & accessories_kids' clothing_girls' clothing_cat & jack_cat & jack",target,"clothing, shoes & accessories > kids' clothing > girls' clothing",Apparel,Tops,null,Women's,training,null,500925998,1,1,1
"target_clothing, shoes & accessories_women's clothing_swimsuits_one-piece swimsuits_wild fable_women's extra high leg cheeky adjustable tunneled side one piece swimsuit - wild fable",target,"clothing, shoes & accessories > women's clothing > swimsuits > one-piece swimsuits",Apparel,Track Suits,null,Women's,swimming,null,3291683,1,3053,112
"target_clothing, shoes & accessories_men's clothing_underwear_hanes_hanes men's boxer briefs",target,"clothing, shoes & accessories > men's clothing > underwear",Apparel,Underwear,null,Men's,sportswear,null,110282084,1,6,7
"target_clothing, shoes & accessories_shoes_women's shoes_boots_journee collection_journee collection womens haylinn tru comfort foam inside zip block heel booties",target,"clothing, shoes & accessories > shoes > women's shoes > boots",Footwear,null,null,Women's,walking,null,57404519,1,53,1
